FID,HD,PH,PL,TN,GP,SSR,TGW,GL,GW,Y
S1,103,108.15,20.26,9.5,144,94.5833333333333,23.53,7.675,2.784,27
S2,98,92.2,18.44,13.4,134.4,97.9910714285714,26.31,7.078,3.571,17.5
S3,96,95.7,20.55,11.1,104.7,96.8481375358166,24.4,8.219,2.732,27.25
S4,93,93.75,18.14,12.8,164,87.8048780487805,27.2,7.846,3.09,28.5
S5,95,108.65,17.69,8.9,131.4,86.5296803652968,24.76,7.604,2.914,29.25
S6,93,96.2,17.47,12,147.2,91.1005434782609,23.38,7.729,2.844,26.75
S7,93,99.95,17.95,9.9,109.2,97.3443223443223,26.05,7.787,3.005,24.75
S8,91,84.55,16.13,8.6,69.6,87.2126436781609,23.37,7.702,2.833,22
S9,87,89,18.41,17.5,77.2,94.300518134715,22.63,8.116,2.649,11
S10,103,96.65,16.64,12.5,95.6,90.3765690376569,24.53,6.874,3.367,33
S11,87,88.9,17.92,12.6,80.5,88.1987577639752,26.42,7.673,3.027,18
S12,109,94.3,18.53,25.1,83,93.9759036144578,22.52,6.385,3.456,34.5
S13,95,96.35,18.04,14.4,113,95.3097345132743,27.02,7.713,3.212,25.75
S14,,151.4,26.75,7.7,150.3,82.435129740519,25.13,7.165,3.348,
S15,109,101.2,17.53,16.8,133.1,84.0721262208866,24.64,7.541,3.236,30
S16,98,97.1,15.44,13.3,88.1,96.0272417707151,24.24,6.773,3.411,30.25
S17,107,109.4,19.53,12.1,105.8,97.9206049149338,27.84,7.167,3.437,31.75
S18,93,97.55,15.88,16.9,106.2,96.2335216572505,25.47,6.867,3.399,25.25
S19,89,93.25,15.14,13.8,108.2,89.8336414048059,23.67,6.683,3.286,16.75
S20,95,102,18.38,10,126.6,80.173775671406,25.46,6.861,3.427,18.75
S21,103,122.7,20.38,9.9,119.5,92.4686192468619,32.31,8.317,3.628,21.25
S22,93,101.5,17.62,13.2,130.5,93.8697318007663,24.66,7.672,2.968,24.25
S23,91,94.4,16.66,9.8,114.7,81.9529206625981,28.03,6.843,3.371,22
S24,92,85.8,15.39,12.7,117.3,91.3895993179881,27.7,6.858,3.375,21.75
S25,104,86.55,17.78,10.8,96.4,97.5103734439834,19.94,6.681,3.297,24.25
S26,95,82.3,13.96,15.1,126.3,89.1528107680127,26.82,6.967,3.424,24
S27,94,82.2,14.93,9.6,126.3,97.7038796516231,23.97,6.831,3.363,21.5
S28,98,88.95,15.97,13.1,87.4,94.5080091533181,23.76,6.84,3.298,22.75
S29,92,90.2,16.21,13.9,110.7,95.1219512195122,27.62,7.259,3.378,28
S30,97,93.6,16.89,12.1,123.1,93.74492283,25.44,7.02,3.195,22.5
S31,91,91.5,16.22,15.7,123.1,94.1510966693745,25.36,7.158,3.366,21.25
S32,93,89.7,15.43,12.5,123.3,85.8069748580698,27.01,6.648,3.276,23
S33,88,93.8,15.73,10.9,187.4,62.7001067235859,25.76,6.952,3.337,25.5
S34,98,89.2,16.73,15.2,124.5,97.3493975903615,26.74,6.627,3.438,29
S35,94,95.65,19.48,11.5,134.2,94.3368107302534,26.2,6.507,3.587,26.25
S36,97,100.1,17.13,8.1,76.7,88.135593220339,31.17,7.121,3.494,46.75
S37,98,102.9,16.98,8.9,97.4,94.2505133470226,31.34,7.038,3.586,23.25
S38,97,98.9,17.07,7.6,121.3,94.7238252267106,28.03,7.104,3.471,20.75
S39,94,95.7,16.81,12.6,90.8,95.8149779735683,26.01,6.599,3.523,8.75
S40,98,102.6,18.21,9.7,116.8,93.1506849315068,28.99,7.019,3.466,22.75
S41,94,93.95,15.99,12.8,135.3,91.1308203991131,27.75,6.632,3.457,21.5
S42,93,88.7,16.3,14.2,150.9,86.1497680583168,26.85,7.454,3.392,25
S43,99,95.15,16.7,18,123.8,93.9418416801292,28.67,7.045,3.648,27.5
S44,94,98.15,18.45,11.2,160.3,49.7192763568309,26.65,7.832,2.982,20.5
S45,97,82.9,16.14,19.3,121.8,93.431855500821,25.88,6.643,3.519,9.5
S46,95,83.7,15.38,15.5,125.4,95.2950558213716,27.58,6.876,3.361,27.5
S47,104,112.5,19.14,13.3,131.9,93.7073540561031,27.19,6.966,3.474,39.25
S48,104,90.9,18.68,27.7,123.8,88.6914378029079,26.31,6.831,3.31,19.25
S49,100,95.3,18.19,18.7,108.8,94.1176470588235,27.55,6.762,3.639,27
S50,86,95.6,17.06,14.1,131.3,93.6024371667936,24.6,6.905,3.156,22.25
S51,82,70,14.45,26,128.2,93.99375975,29.78,7.443,3.484,5.75
S52,85,78.6,15.54,16,137.6,92.7325581395349,28.07,7.052,3.29,21.75
S53,85,84.6,17.17,15.1,141.7,95.2011291460833,27.57,7.081,3.289,14.75
S54,83,90.9,14.42,14.4,177.2,85.2708803611738,28.64,6.831,3.677,20.5
S55,93,83.8,15.76,9.7,160.1,89.4440974391006,24.8,6.743,3.2,23.25
S56,94,101.2,17.81,13.1,146.8,93.0517711171662,22.71,6.801,3.116,29
S57,107,104.1,20.23,13.4,157,94.3312101910828,24.07,7.005,3.262,42
S58,107,102.9,20.81,14.3,138.9,78.9056875449964,25.01,7.299,3.178,36.25
S59,98,88.1,16.37,12.5,122,78.4426229508197,28.09,7.064,3.408,26.5
S60,99,86.3,17.19,12.5,126.9,92.0409771473601,27.53,6.817,3.345,29.25
S61,102,88.8,18.06,12.7,133.1,95.4169797145004,30.09,7.232,3.581,28
S62,100,91.6,17.28,15,131.1,73.3790999237224,29.48,6.992,3.409,30.5
S63,105,99.3,21.84,12.4,106.4,94.2669172932331,27.37,7.304,3.272,36.25
S64,98,97.2,18.86,13.5,150,77,29.31,7.226,3.447,28.25
S65,105,93.1,17.6,17,135.7,85.1142225497421,25.95,6.925,3.362,34.25
S66,93,89.4,15.31,11.3,144.4,95.0138504155125,25.05,6.562,3.116,29
S67,106,88.9,17.87,13.5,145.7,78.5175017158545,24.8,6.864,3.224,33
S68,101,101.7,19.3,11.3,115.3,96.5307892454467,31.72,7.298,3.606,32.5
S69,106,104.2,21.27,13.9,164.6,93.0133657351154,26.57,7.194,3.342,31.75
S70,90,105.6,17.2,8.2,100,93,25.26,7.297,3.402,41.75
S71,92,83.3,15.39,17.8,125.9,90.7069102462272,27.62,6.673,3.471,22
S72,98,96.3,17.74,12,125.5,94.9003984063745,28.78,6.908,3.448,28
S73,104,93.1,18.04,15.3,169,85.9763313609468,27.29,7.218,3.348,30.25
S74,97,98.2,19.07,13.1,133.3,96.5491372843211,28.49,7.081,3.497,32
S75,105,96.9,18.47,13.2,117.1,97.5234842015372,25.93,7.021,3.292,30.5
S76,107,97.7,17.46,11.4,144.8,82.1823204419889,27.46,8.471,2.648,37.75
S77,99,93.9,17.79,14.7,142.8,96.5686274509804,25.58,7.017,3.475,37
S78,109,124.1,20.07,12.4,127.1,94.1778127458694,22.68,6.732,3.503,29
S79,79,79.5,13.8,8,133.6,96.8562874251497,27.02,6.342,3.65,13.5
S80,88,82,14.17,17.1,116.7,95.458440445587,23.37,6.449,3.311,21.5
S81,89,90.4,14.97,14.5,140.6,99.2176386913229,23.51,6.841,3.234,22.5
S82,101,89.3,15.5,19.8,123.4,98.0551053484603,26.49,6.952,3.423,32.25
S83,107,106.1,18.13,13.2,115,84.2608695652174,25.32,6.804,3.356,32
S84,106,98.3,19.43,21.2,119.7,80.8688387635756,25.92,6.852,3.437,36.5
S85,105,97,19.56,22.4,111.6,97.4910394265233,29.29,6.828,3.453,29.25
S86,104,101,17.9,10.8,126.2,90.2535657686212,28.22,7.522,3.435,29.5
S87,106,104.6,18.7,10.5,132,69.9242424242424,20.92,6.512,3.307,32.25
S88,102,95.7,17.55,11.5,150.9,95.9575878064944,28.94,7.065,3.266,35.5
S89,95,88.5,18.71,29.5,160.2,93.4456928838951,26.74,6.744,3.495,
S90,92,97,18.61,15.7,139.3,95.6927494615937,25.59,6.973,3.47,23
S91,106,99.8,19.39,15.3,110.9,95.4914337240757,26.95,7.031,3.44,37.5
S92,93,91,16.94,21.1,132.9,95.3348382242287,25.65,6.925,3.243,22
S93,97,102.9,19.23,17,78.5,94.9044585987261,26.82,7.097,3.457,31.75
S94,99,109.9,18.24,14,135.6,95.8702064896755,24.66,6.686,3.481,37.25
S95,99,105.9,21.68,16.8,159.7,97.0569818409518,26.72,6.961,3.5,31.5
S96,98,108,18.94,11.1,121.1,93.5590421139554,25.26,6.883,3.417,32.5
S97,99,113.6,20.6,12.3,198.3,87.6449823499748,21.94,6.711,3.117,27.75
S98,88,97.4,18.34,8.8,137.7,91.8663761801017,27.39,8.11,3.098,19.25
S99,101,98.9,18.39,14.3,94.4,95.6567796610169,21.7,6.572,3.362,25.5
S100,105,87.8,20.58,8.4,121.7,92.6869350862777,28.79,8.003,3.402,22
S101,104,113,21.67,15.2,100.3,95.6131605184447,24.1,7.372,3.254,38.75
S102,104,108.4,20.46,12.7,116.5,93.6480686695279,27.13,7.414,3.379,31.5
S103,96,107.2,19.89,12.4,121.8,95.8949096880131,26.65,7.043,3.484,31.75
S104,93,107,16.33,10,112.8,95.8333333333333,26.52,7.027,3.438,29.75
S105,106,106.9,20.96,12.3,109.5,95.7077625570776,27.35,7.276,3.355,35
S106,94,103.6,17.03,15.1,104.2,70.0575815738964,26.19,6.754,3.39,24.25
S107,104,109.8,19.09,12.9,107.2,91.9776119402985,28.11,7.033,3.452,34.75
S108,98,113.5,19.56,10.3,104,97.2115384615385,26.73,7.051,3.398,29.5
S109,91,92.3,20.19,13.1,94.9,79.3466807165437,26.95,8.379,2.933,21.25
S110,95,104.9,21.18,11.7,170.5,63.108504398827,23.94,8.134,2.659,27.25
S111,100,110.5,19.53,11.1,129.5,94.6718146718147,27.98,6.964,3.411,30.25
S112,97,95.5,16.78,9.6,146,94.3835616438356,26.66,7.011,3.396,27
S113,92,96,21.14,18.3333333333333,90.9,94.2794279427943,31.18,7.759,3.732,4.75
S114,96,99.8,17,14.6,147.9,84.9222447599729,26.51,7.054,3.434,31.75
S115,107,109.1,19.42,13.6,197.4,82.3201621073961,23.53,6.759,3.275,32.75
S116,105,102.7,21.55,12.8,188.3,88.4227296866702,27.26,7.229,3.351,40.25
S117,104,103.7,20.69,12.4,173,94.5664739884393,24.85,7.246,3.141,42.25
S118,101,89.5,20.29,9.4,189.5,96.0949868073879,29.12,7.536,3.397,31.75
S119,97,86.1,17.14,13.4,111,92.6126126126126,25.66,7.077,3.203,28.75
S120,103,92.1,14.94,11.5,151.7,96.044825313118,22.98,7.389,2.911,33.25
S121,93,97.7,17.88,11.7,118.7,90.9856781802864,26.84,7.206,3.388,35
S122,102,98.9,18.55,13.2,121.1,96.9446738232866,25.91,6.81,3.365,33.75
S123,105,102.2,19.33,9.9,145.3,95.8706125258087,25.71,6.977,3.348,29.25
S124,98,95.9,16.82,13.4,173.6,95.9677419354839,28.2,6.825,3.416,34
S125,96,95.7,18.26,11.1,134.1,93.214019388516,23.48,7.19,3.014,28.75
S126,104,109.9,18.91,10.8,118.4,82.8547297297297,25.4,7.189,3.21,29.25
S127,102,103.4,18.83,16.6,112.1,87.8679750223015,26.3,7.391,3.299,34
S128,103,100.4,16.89,15.9,102.5,91.609756097561,25.9,6.597,3.304,39
S129,98,100.8,16.7,13.7,95.9,90.4066736183525,26.98,7.116,3.267,28.25
S130,106,95.7,17.8,11.7,133.1,95.1164537941397,23.54,6.802,3.121,27.25
S131,106,89.5,19.66,21.3,130.8,82.4159021406728,26.54,7.291,3.411,12.75
S132,92,74.9,13.06,12,95,89.6842105263158,31.67,6.865,3.22,17.75
S133,103,95.9,19.91,23.9,171.2,96.6121495327103,25.15,6.787,3.309,18.25
S134,108,88.6,16.94,19,173.4,95.9630911188005,27.16,7.569,3.34,5
S135,103,95.7,20.8,8.7,167.2,93.6602870813397,28.94,7.258,3.386,25.5
S136,99,98.8,21.8,9.6,117.3,95.9931798806479,29.75,7.432,3.513,30.75
S137,106,103.3,17.95,11.8,158.8,92.5692695214106,26.39,7.437,3.291,18.25
S138,103,95.8,18.68,8.9,142.7,92.5718290119131,29.95,7.357,3.464,25.5
S139,97,98.2222222222222,21.32,11.7777777777778,148.5,93.8720538720539,29.89,7.406,3.492,6.5
S140,104,94.4,19.74,10.1,164.8,89.6844660194175,25.15,7.652,3.146,26.75
S141,104,108.9,22.66,9.5,149.8,90.8544726301736,23.14,6.782,3.098,28.25
S142,107,106.7,18.58,10.6,149.2,94.4369973190349,24.98,7.141,3.099,31
S143,104,103.4,21.38,10.4,154,78.8961038961039,26.52,9.297,2.628,35.25
S144,98,90.2,22.06,17.6,144.1,96.1138098542679,31.93,7.536,3.408,18.75
S145,96,89.3,16.82,13.9,116.2,95.1807228915663,25.85,7.05,3.243,25.25
S146,103,91.5,17.48,14.2,145.2,84.7107438016529,26.89,6.908,3.362,33.25
S147,96,91.4,18.01,15.7,149.3,93.5030140656396,28.16,7.263,3.205,31.5
S148,96,88.8,17.83,16.5,81.6,96.4460784313726,27.8,6.952,3.28,31.75
S149,97,92.7,17.2,15.1,91.8,97.60348584,28.33,6.84,3.353,30.5
S150,100,94.1,19.13,15.2,90.2,97.6718403547672,28.49,7.187,3.379,34
S151,,,,,,,,,,19
S152,97,94.3,17.76,10.1,90.2,99.8891352549889,29.05,7.112,3.446,26.25
S153,97,92.5,17.91,10.3,76.9,96.6189856957087,29.58,7.253,3.481,25.75
S154,98,87.8,17.8,11.1,134.9,83.3209785025945,27.75,9.22,2.919,31
S155,99,97.8,16.88,13.7,129.8,97.5346687211094,26.17,6.898,3.284,32.5
S156,104,106.4,18.6555555555556,8.3,113.4,98.1481481481481,28.24,7.512,3.451,27
S157,103,98.4,17.65,16.8,127,96.5354330708661,27.57,8.463,2.992,28.25
S158,106,99.4,21.95,9.2,121.8,97.1264367816092,25.98,7.821,2.951,24.5
S159,107,95.9,18.51,10.3,135.7,96.0943257184967,20.97,7.384,2.805,28.5
S160,102,82.6,15.28,10.8,143.3,85.5547801814375,23.13,7.378,3.021,37.25
S161,104,98.4,19.5,13.8,142.7,93.6229852838122,25.57,7.796,2.958,27.25
S162,104,93.7,20.92,9.7,140.4,80.5555555555555,23.59,6.794,3.267,31
S163,109,109.8,21.33,11.3,123.7,85.2061438965239,24.81,8.164,3.249,23
S164,104,96,18.22,9.8,160.7,94.7106409458619,22.45,6.513,3.343,23.5
S165,104,92.4,18.76,9.3,116.5,81.4592274678112,28.37,8.862,2.97,29.5
S166,104,90.4,18.64,10.7,133.9,97.0873786407767,24.7,6.907,3.267,25.25
S167,104,91.1,18.47,10.4,90.6,89.4039735099338,22.14,6.686,3.182,26.5
S168,105,98.1,18.99,7.9,163.3,72.4433557868953,22.33,6.548,3.304,22
S169,104,99.4,17.54,12.3,186.5,66.7024128686327,24.97,6.901,3.242,25.75
S170,104,101.4,17.15,11.7,179.7,92.4874791318865,26.55,7.311,3.365,27.75
S171,107,101.3,19.98,12.6,169.3,96.8103957471943,24.18,6.922,3.358,35.5
S172,106,95.9,18.78,11.8,133.2,89.2642642642643,26.06,6.902,3.376,27.5
S173,114,100.7,19.64,13.9,163.3,98.162890385793,23.82,7.166,3.36,35
S174,110,92.5,16.6,9.5,168.2,92.1521997621879,26.97,7.327,3.407,27
S175,122,,,,,,,,,
S176,114,100.4,20.87,9.2,130.4,93.021472392638,26.66,8.293,2.898,29.25
S177,116,97.4,15.85,9.7,132.7,91.4845516201959,24.85,7.164,3.362,26.5
S178,107,90.1,17.04,13.4,146.5,95.9726962457338,25.34,6.839,3.216,28.75
S179,115,96.3,16.03,9,144.4,97.3684210526316,24.5,7.471,3.261,26.5
S180,111,96.3,17.04,6.5,112.2,96.7023172905526,25.51,7.393,3.236,17.5
S181,110,103.3,20.33,8.3,160.8,97.9477611940298,23.58,7.646,3.005,27.25
S182,111,93.1,15.58,7.9,145.1,96.4162646450724,23.21,7.333,3.143,24.25
S183,110,106.7,19.77,8.4,166.7,87.7024595080984,28.1,7.683,3.62,25.75
S184,116,84.4,15.14,9.3,165.7,93.6632468316234,23.88,7.256,3.362,29
S185,116,103.5,18.05,8.3,158.5,93.8170347003154,25.28,7.137,3.19,26.75
S186,112,85.1,16.26,9.9,133.4,96.1019490254872,25.67,7.266,3.376,28.75
S187,114,88.6,21.08,9.4,149.5,89.4983277591973,28.06,7.689,3.473,23.25
S188,105,83.1,16.2,7.7,91.4,94.3107221006565,27.15,7.19,3.336,23.5
S189,117,91.7,17.79,10.1,136.3,95.8180484225972,24.06,7.506,3.041,21.25
S190,112,88,16.85,10.4,158,75.253164556962,22.38,8.146,2.778,22.25
S191,120,101.6,19.4111111111111,7.1,165.5,98.0060422960725,27.8,8.734,2.857,21.25
S192,111,93.5,16.36,7.7,106.8,96.3483146067416,24.29,7.246,3.329,25.5
S193,104,96.8,18.25,11.3,141.1,95.1807228915663,26.17,8.864,2.663,29.75
S194,124,102.5,23.45,13.7,173.5,89.5100864553314,24.03,7.784,3.012,24.25
S195,115,96.7,17.69,7.6,62.5,88.8,20.75,7.32,3.136,20
S196,117,101.9,19.22,7.1,126.5,91.3833992094862,21.96,7.921,3.019,24.5
S197,110,93.8,15.17,10.1,99.4,94.6680080482897,24.44,7.112,3.339,25.75
S198,114,91.8,17.32,9.7,163.9,98.535692495424,25.48,7.535,3.332,28.5
S199,115,88.3,17.11,9.8,178.6,97.3684210526316,25.88,7.543,3.31,29
S200,125,93,18.58,7.7,149.6,94.5855614973262,23.03,7.74,2.811,26
S201,106,97.1,17.81,7.4,155.5,92.540192926045,26.52,8.146,2.98,26
S202,106,93.8,18.17,5.6,158.2,97.9140328697851,26.91,8.132,3.045,24
S203,112,110.6,24.1,7.2,150.7,93.8951559389516,30.69,9.661,3.009,27.25
S204,105,92.7,18.03,6.8,125,97.76,26.96,8.15,2.973,23
S205,116,92.5,19.5,10.7,159.4,89.0840652446675,27.42,7.722,3.049,28.25
S206,122,99.9,19.2,7.7,138.3,96.3846710050615,26.28,7.459,3.356,19.75
S207,114,94.8,17.8,9.7,188.1,95.0558213716108,24.38,7.541,3.055,26.5
S208,111,95.5,16.75,6.8,158.9,88.0427942101951,25.91,8.513,2.88,22.25
S209,123,99.8,20.09,6.8,145.4,85.5570839064649,26.56,8.282,2.895,23.75
S210,121,94.9,20.6,11.1,276.5,79.3490054249548,30.78,9.605,3.039,18.75
S211,119,116.2,24.11,,206.3,90.9355307804169,24.96,8.545,2.97,17.75
S212,124,104.5,22.58,7.6,161.1,94.6617008069522,24.5,8.716,3.065,18
S213,129,,,,,,,,,
S214,114,81.5,18.38,8.9,189.4,93.2946145723337,25.47,8.329,3.059,25.75
S215,119,98.2,21.93,8.9,199.7,89.3840761141713,30.47,8.631,3.452,21
S216,98,89.5,16.81,9,134.4,87.3511904761905,25.86,8.641,2.825,24.75
S217,96,77.7,15.23,15.5,106.6,79.2682926829268,24.87,7.885,2.986,20
S218,122,94.2,21.12,8.4,135,87.7037037037037,26.11,8.711,3.073,24.75
S219,123,96.5,22.98,8.9,132.1,90.6131718395155,30.42,9.856,2.877,16.75
S220,122,92.1,19.24,8,222.7,78.6708576560395,24.29,8.243,2.867,34
S221,122,87.5,17.95,7.1,127.3,93.3228593872742,25.07,7.85,2.944,27.75
S222,119,92.3,20.27,6.9,146.8,90.9400544959128,24.85,8.333,2.856,30.75
S223,116,122.1,20.24,7.7,155.6,87.4035989717224,23.88,8.863,2.931,26.75
S224,111,99.4,18.06,8.6,154.8,81.1369509043928,27.7,8.307,2.868,20.25
S225,111,97.4,17.88,7.2,138.3,91.3232104121475,25.93,8.135,2.9,23.5
S226,117,101.5,20.66,6.5,140.6,94.0967283072546,20.88,8.251,2.873,21
S227,117,99.7,22.19,7.9,143.2,88.268156424581,23.18,8.909,2.794,22.75
S228,99,93.9,17.65,10.4,123.7,82.2150363783347,25.32,8.151,2.85,25
S229,109,126,27,7.3,157.9,81.443951868271,24.15,8.692,2.767,27.75
S230,121,105.1,22.78,9.3,157.2,69.3384223918575,24.74,8.566,2.814,22.5
S231,119,114.5,27.98,6.4,143.8,77.9554937413074,24.1,8.465,2.724,25.5
S232,120,114.7,28.16,5.3,235.3,90.0552486187845,25.51,8.547,2.645,25
S233,120,111.7,27.9555555555556,6.1,162.2,80.2712700369914,25.79,8.822,2.737,27.5
S234,116,113.4,19.75,8.1,181.2,85.5408388520971,19.18,8.687,2.752,25.25
S235,109,111.6,21,11.7,168.9,70.9887507400829,24.46,7.212,3.333,17.5
S236,,134.1,23.47,12.7,100.7,96.8222442899702,21.08,6.996,3.163,21.25
S237,110,121.9,24.53,12.5,153.6,91.0807291666667,24.04,7.167,3.209,21
S238,100,95,18.66,9.6,142.6,95.3716690042076,24.31,6.815,3.407,25.5
S239,114,98.5,16.95,13.2,123.3,80.7785888077859,22.19,7.312,3.141,24.75
S240,114,99.3,17.41,11.9,94.8,88.9240506329114,23.23,7.266,3.135,29
S241,111,127.5,24.16,10.2,147.5,93.8305084745763,24.04,8.39,2.821,17.25
S242,114,116.6,20.23,16.3,140,88.3571428571429,22.64,7.082,3.098,22
S243,113,119.7,21.05,10.5,147,87.1428571428571,24.32,7.169,3.164,18.75
S244,116,110.9,18.98,9.1,111.7,93.19606088,21.16,7.32,3.154,28
S245,120,96,16.8,9.1,151.7,93.6058009228741,27.93,7.626,3.275,26.75
S246,113,104.1,19.84,9.6,181.1,90.6681391496411,24.13,7.498,3.203,29.25
S247,114,108.4,18.78,8.3,162.4,92.795566502463,22.94,7.358,3.112,28.5
S248,113,102.9,19.05,9.4,148.8,91.3978494623656,24.44,7.605,3.129,30.5
S249,99,91.6,17.63,8.4,124.7,75.7818765036087,25.79,6.875,3.45,20.5
S250,119,97.9,17.54,9.1,189.4,88.4371700105597,23.93,7.755,3.276,25.5
S251,116,99,18.2,9.1,121.1,94.5499587118084,22.11,7.726,3.085,27
S252,121,96.4,17.49,9.5,166.2,93.1407942238267,23.97,7.174,3.202,29
S253,124,91.9,16.3,10.2,108.3,91.5974145891043,26.83,7.008,3.415,26.25
S254,119,94.9,18.18,8.5,124.6,80.7383627608347,25.3,7.69,2.908,26.75
S255,115,108.4,19.37,9.9,117.8,92.9541595925297,24.68,8.061,3.244,32
S256,118,96.1,16.32,8.9,138.5,81.7328519855596,20.7,7.403,3.215,30.5
S257,124,99.2,16.4444444444444,10.8,118.4,95.2702702702703,24.73,7.409,3.345,26.75
S258,102,89.4,19.3,9.3,137.9,92.7483683828861,28.52,8.377,3.036,27.5
S259,106,96.1,19.99,10.7,168.7,82.3947836395969,21.77,6.874,3.32,29.75
S260,103,93.8,18.98,8.3,122.1,93.1203931203931,22.44,6.419,3.27,27.75
S261,120,94.8,17.9333333333333,6.5,153.5,93.0293159609121,27.88,9.392,2.835,18
S262,116,92.4,19.53,5.7,137.6,90.625,24.3,7.598,3.094,18.25
S263,112,92.5,15.55,8,114.8,89.808362369338,25.79,6.895,3.272,20
S264,111,88.3,16.32,7.9,112.9,91.496899911426,24.14,8.153,2.833,16
S265,111,85.4,16.45,8.9,160,91.6875,26.94,6.96,3.391,22.75
S266,108,92.8,18.82,6.5,104.8,88.6450381679389,27.43,7.498,3.317,17.75
S267,117,93.9,17.83,10.1,165.1,79.8909751665657,22.61,7.264,3.232,20.5
S268,125,103.4,20.03,7.1,139.1,89.647735442128,25.39,7.659,3.367,19.25
S269,106,98.7,20.88,9.5,191.8,89.051094890511,21.89,6.793,3.3,30.25
S270,119,100.4,17.48,8.1,146.4,92.5546448087432,27.3,7.616,3.372,20
S271,109,98.2,19.97,5.4,125.4,94.1786283891547,24.88,7.225,3.221,22.5
S272,107,102.6,20.79,7.5,113.5,94.5374449339207,25.86,7.661,3.027,19.75
S273,114,114.8,24.39,6.7,121.1,94.8802642444261,24.73,9.208,2.615,21.5
S274,115,96,17.89,6.5,121.4,93.0807248764415,22.1,7.404,3.169,24.25
S275,121,90.3,15.48,9.4,121.8,98.2758620689655,23.79,7.044,3.391,19.75
S276,121,90.5,20.21,6.3,147.8,95.466847090663,24.23,7.573,2.95,21.25
S277,105,84.5,15.27,8,154.6,92.4320827943079,23.98,7.272,2.906,23.5
S278,107,90.8,18.74,8.5,182.4,91.2828947368421,23.15,6.63,3.227,24.25
S279,107,92.3,16.51,12.3,159.8,84.918648310388,20.97,6.408,3.189,25.5
S280,121,100.1,16.89,7.5,115.2,94.3576388888889,25.06,7.455,3.18,26.25
S281,123,100.1,16.61,5.7,96.9,93.8080495356037,24.85,7.494,3.162,21.5
S282,118,93.4,17.05,7.3,107.9,95.1807228915663,21.16,7.445,3.3,19.5
S283,121,91.5,16.15,8.2,116.6,99.9142367066895,35.21,7.572,3.346,22.25
S284,107,91.7,16.48,5.5,125.7,87.3508353221957,28.26,7.875,3.237,22.75
S285,114,96.4,17.62,7.7,101.4,96.0552268244576,23.65,7.532,3.063,20.25
S286,111,91.7,17.42,6.2,101.9,89.3032384690873,23.71,7.277,3.222,25.25
S287,109,88.8,15.48,6.6,164.6,91.6160388821385,25.71,7.597,3.139,17.25
S288,110,87.7,18.27,6.9,99.6,95.281124497992,23.24,7.221,3.313,21.25
S289,105,92.3,20.34,10.5,158.3,79.0903348073279,24,6.871,3.409,28.75
S290,109,93.5,16.68,6.7,105.2,92.680608365019,24.39,7.772,3.122,25
S291,108,95.9,17.85,8.7,138.2,92.0405209840811,24.36,7.959,3.249,26.25
S292,113,94.2,17.69,6.9,97.6,93.0327868852459,22.32,7.362,2.992,22.25
S293,113,94.4,17.81,8.1,105.6,91.0037878787879,23.94,7.299,3.166,23
S294,117,100,18.35,7.7,130.7,90.3596021423106,23.46,7.709,3.12,22.5
S295,113,101.5,17.63,7.9,111,88.2882882882883,23.87,7.561,3.043,21
S296,112,103.6,18.4,8,121.4,96.5403624382208,24.4,7.525,3.293,27.75
S297,113,103.9,17.84,8.3,89.1,91.4702581369248,24.13,7.521,3.196,26
S298,117,98.5,16.45,8.1,90.4,87.1681415929203,20.99,7.847,3.155,24.5
S299,114,85.4,17.84,9.7,149.4,88.7550200803213,24.86,7.671,3.301,25.25
S300,105,96.1,17.62,10.3,150.8,78.7135278514589,25.73,6.819,3.313,29.25
S301,124,103.9,17.0222222222222,10.1,115.1,91.0512597741095,23.58,7.019,3.16,27
S302,111,97.5,18.1,7.4,105.1,85.1569933396765,21.68,7.393,3.157,23
S303,110,95.1,17.97,5.3,105.2,93.1558935361217,22.82,7.707,2.931,22
S304,108,91.4,18.28,7.9,133.6,86.2275449101796,25.92,7.824,3.241,24.25
S305,114,92.3,16.6,7.1,91.7,89.0948745910578,21.76,7.303,3.116,21.75
S306,108,95.8,17.4,5.9,93.5,91.1229946524064,26.35,7.867,3.309,17.5
S307,115,90.3,17.8111111111111,8,116.7,91.0025706940874,20.52,7.545,3.046,21.25
S308,117,94.1,17.99,8.2,103.4,87.5241779497099,24.59,7.593,3.095,19.75
S309,114,91.2,17.71,7.2,92.1,95.4397394136808,22.2,7.387,3.076,21.5
S310,115,97.1,17.71,6.6,75.5,93.3774834437086,24.42,7.453,3.206,19.25
S311,105,91.7,18.06,10.5,156.7,81.8761965539247,24.4,6.9,3.37,32.75
S312,114,92.2,17.66,7.4,104,91.5384615384615,22.03,7.599,3.1,19
S313,114,91.8,18.26,6.9,111,88.5585585585586,21.94,7.674,3.021,19.5
S314,109,91.3,18.67,7.7,128.7,94.7940947940948,26.54,8.049,3.436,18.5
S315,112,95.2,19.17,6,78.9,89.4803548795944,26.64,7.82,3.415,24
S316,119,99.9,18.4555555555556,5.6,128.7,94.2501942501943,26.02,7.462,3.227,18
S317,118,94.4,18.48,5.5,113.4,94.0035273368607,27.56,7.401,3.216,18.5
S318,116,90.7,17.7,6.7,132,96.1363636363636,21.19,7.37,3.085,19.5
S319,116,87.5,18.03,6.9,89.4,94.0715883668904,26.25,7.467,3.019,20.5
S320,116,92.7,16.98,6.5,184.4,89.587852494577,22.59,7.6,3.055,21.75
S321,115,91.2,17.83,7.1,109.7,72.926162260711,21.92,7.435,3.018,21
S322,105,88.7,16.42,10.9,168.1,80.0118976799524,21.46,6.407,3.133,26.25
S323,96,98.3,20.27,12.7,146.6,56.343792633015,29.01,9.357,2.72,24.5
S324,114,91.8,19.15,7.2,118.7,93.7657961246841,22.59,8.261,3.219,24.75
S325,111,87.5,16.93,6.2,131.3,94.3640517897944,27.67,8.442,3.012,16.25
S326,108,82.1,16.58,10.7,88.4,82.3529411764706,24.87,8.416,2.996,23.75
S327,104,94.4,19.64,9.1,196.2,65.5453618756371,21.43,6.552,3.204,25.5
S328,109,81.6,16.9,8.8,123.8,90.7915993537964,27.07,7.512,3.506,25
S329,115,86.7,15.72,12,85.2,85.7981220657277,22.56,7.135,3.252,24.75
S330,123,96.1,21.48,9.7,153.7,94.9902407286923,29.54,9.235,3.031,19.75
S331,118,100.2,21.56,7.8,136.2,93.8325991189427,29.91,9.124,2.911,17.75
S332,109,101.6,17.03,8.8,186.7,87.6272094268881,18.73,6.415,3.273,24.5
S333,125,88.3,18.17,6.6,115.5,92.987012987013,19.84,7.285,3.182,18
S334,105,92.4,16.18,10.2,146.3,72.6589200273411,23.75,7.021,3.332,25.75
S335,119,79.7,15.4555555555556,10.8,172.8,92.3032407407407,24.58,7.157,3.407,23.5
S336,112,71.1,15,8.8,107.8,80.9833024118738,26.6,7.423,3.456,26.75
S337,107,119.1,21.73,9.7,196.4,40.3258655804481,19.64,6.45,3.147,24.5
S338,114,82.9,16.25,11,76,98.4210526315789,20.75,7.305,3.056,25.75
S339,116,82.7,17.32,9.1,101.6,88.8779527559055,24.4,7.283,3.258,21.25
S340,111,94,19.19,5.7,92.4,87.2294372294372,24.32,7.578,3.143,25.75
S341,106,118.15,21.2,11.7,167.9,33.0553901131626,20.15,6.599,3.211,25.75
S342,120,85.5,18.21,8.5,175,88.3428571428571,23.22,7.57,3.295,23.5
S343,123,84.6,17.93,7.4,95.2,93.9075630252101,23.62,7.213,3.077,21.25
S344,119,90.4,17.39,6.3,83.7,97.2520908004779,22.08,7.694,3.334,19
S345,102,93.45,18.22,10.1,151.1,30.9066843150232,25.33,6.933,3.424,33.75
S346,102,96.9,18.9,12.5,169.3,35.4400472533963,26.07,6.829,3.417,31
S347,107,107,23.1,7.4,200,33.85,22.3,6.936,3.296,32.25
S348,108,74.3,14.85,8,124.7,91.4194065757819,25.45,6.827,3.487,22.75
S349,98,105.45,21.27,8.7,131.8,74.1274658573596,32.07,9.537,3.166,22
S350,86,86.95,17.4,7,160.1,70.2061211742661,25.86,7.187,3.215,18.25
S351,103,105.5,14.55,10.3,178.7,51.0912143256855,20.13,7.455,2.762,24.75
S352,104,114.1,20.87,10.3,122.5,66.530612244898,25.5,8.646,2.846,24.75
S353,123,89.1,18.55,6.1,169.5,91.3864306784661,27.22,7.085,3.665,17.25
S354,104,105.8,20.94,8.4,155.6,56.426735218509,28.84,9.171,2.961,26
S355,113,100.1,21.12,10.6,124.2,92.0289855072464,27.55,8.613,3.419,23.75
S356,93,76.4,12.18,10.6,128.2,93.4477379095164,27.14,6.789,3.397,16.75
S357,94,73.4,12.98,10.9,103.1,95.8292919495635,27.44,6.907,3.411,18.25
S358,93,79.1,13.35,11.4,168.5,92.759643916914,27.02,6.979,3.357,15.25
S359,92,72.8,13.28,8.6,186.9,94.5960406634564,28.15,6.866,3.421,16.25
S360,93,75.1,13.83,14,121.6,94.3256578947368,27.52,7.101,3.413,15.75
S361,84,82.4,20.79,9.3,85.9,91.7345750873108,28.04,8.318,3.32,16.5
S362,97,79.8,16.92,16.2,119.2,89.1778523489933,27.5,7.061,3.514,13.25
S363,129,,,,,,,,,
S364,97,98.3,19.08,9.8,149.9,84.4563042028019,25.71,6.936,3.443,26.5
S365,122,86.2,21.92,9.7,129.3,84.2227378190255,20.93,8.947,2.441,26.75
S366,115,103.5,25.13,10,128.9,72.7695888285493,25.91,11.467,2.268,27
S367,129,,,,,,,,,
S368,130,,,,,,,,,
S369,105,102.2,19.88,9.9,199.3,59.2574009031611,21.17,7.112,3.3,28
S370,128,94.9,17.39,13,130.7,83.6266258607498,20.28,7.026,3.153,19.75
S371,117,114.4,23.55,6.1,102.1,96.4740450538688,21.17,9.428,2.186,23.75
S372,86,76.9,16.03,14.5,139.4,97.4892395982783,25.5,6.821,3.183,15.5
S373,92,87.4,15.58,8.9,121.1,93.1461601981833,27.57,6.605,3.47,19.5
S374,106,95.7,20.38,10.7,183.6,74.1285403050109,20.09,6.78,3.16,29.75
S375,115,97.8,16.9,10.3,88.5,98.7570621468927,23.05,7.084,3.293,26
S376,116,95.8,19.15,8.3,80.8,98.3910891089109,23.62,7.529,3.391,22.25
S377,103,94.1,18.28,9.2,141.6,87.7824858757062,24.62,6.929,3.358,25.25
S378,117,92.9,18.88,7.9,88.9,82.6771653543307,24.17,7.492,3.192,22
S379,117,94.7,18.97,10.6,58.9,98.30220713,23.76,7.498,3.277,25.75
S380,98,94.8,20.84,7,190.9,90.2042954426401,24.16,6.746,3.382,26
S381,97,89.95,17.88,9.1,153.5,91.4006514657981,24.34,6.818,3.392,27.25
S382,116,96.2,16.62,11.7,58.9,93.7181663837012,21.97,7.209,3.232,22.5
S383,98,91.3,18.11,10.7,143.5,88.2926829268293,24.6,6.912,3.339,30.5
S384,96,98.2,20.3,11.4,182.7,74.6031746031746,24.05,6.72,3.277,33.5
S385,95,100.6,19.44,11.1,143.8,70.4450625869263,26.7,8.016,2.92,28.5
S386,98,102.1,19.93,9.2,178.2,90.0673400673401,24.54,6.569,3.356,30.75
S387,114,90,16.26,8.3,118.4,96.1148648648649,26.52,7.622,3.489,28.75
S388,98,98.4,19.84,13.5,187.6,65.9914712153518,21.91,6.61,3.246,33.25
S389,104,120.4,23.55,9.8,168.6,64.1162514827995,20.04,7.358,2.803,29.5
S390,105,112,24.06,8.4,194.1,52.344152498712,22.22,6.713,3.173,33.25
S391,103,106.1,23.58,10.4,228.7,47.6606908613905,22.76,6.635,3.301,28
S392,107,107.5,22.33,8.1,205.5,34.4038929440389,21.61,6.844,3.283,31.5
S393,107,96,18.17,9.1,86.5,91.9075144508671,23.66,6.479,3.284,25.5
S394,127,87.3,14.67,9.3,106.4,93.515037593985,21.82,6.485,3.235,17
S395,102,96.45,20.25,12.2,212.6,60.9595484477893,18.77,6.217,3.164,26.75
S396,109,103.1,19.78,15.8,88.5,96.045197740113,27.36,7.08,3.437,35.5
S397,107,106.6,21.9,11.3,84.5,93.491124260355,27.55,8.961,2.879,28.5
S398,108,94,18.89,15.1,76.3,93.9711664482307,27.83,7.229,3.41,20.5
S399,98,95.1,16.33,9.6,206.4,80.4748062015504,22.93,7.247,3.045,29
S400,116,98.3,24.03,12.8,100.6,92.0477137176938,27.13,9.386,2.666,16
S401,114,95.9,21.06,12.4,112.8,93.5283687943262,25.89,7.15,3.56,24.25
S402,108,87.4,17.28,13.1,76.7,92.4380704041721,28.52,7.562,3.616,42.25
S403,110,108,18.9625,19.1428571428571,61.5,97.2357723577236,34.85,7.92,3.871,9.75
S404,99,93.9,21.3,13.8,98,85.3061224489796,32.76,8.462,3.677,9.75
S405,112,98,19.66,9.5,102,93.8235294117647,29.13,7.73,3.426,19.75
S406,118,117.9,24.62,10.4,69.7,82.6398852223816,30.22,7.504,3.494,18
S407,117,106.1,25.25,10.8,99,94.040404040404,32.22,8.897,3.664,23.5
S408,115,114.333333333333,29.1,15.8333333333333,94.6,85.7293868921776,30.57,7.875,3.805,9.75
S409,101,108.7,19.96,10.3,218.2,79.2850595783685,20.23,6.631,3.236,33.75
S410,106,106.95,19.81,15.3,180.7,71.2783619258439,19.94,6.475,3.251,33
S411,91,87.1,14.5,11.6,111.2,92.7158273381295,27.23,6.982,3.381,23.25
S412,97,96.7,20.39,12.2,170.9,86.1907548273844,22.39,6.833,3.256,32.75
S413,103,105.9,20.37,10.6,203.2,67.2244094488189,21.96,6.533,3.297,26.25
S414,126,113.1,25.1777777777778,9.7,114.3,98.4251968503937,28.19,7.628,3.885,18
S415,105,109.7,19.8,7.7,218.8,61.654478976234,24.33,7.015,3.388,32.75
S416,125,,,,,,,,,
S417,127,106.2,21.03,8.6,71,98.169014084507,20.77,7.274,3.7,
S418,122,115,22.37,9,53.2,93.984962406015,23.47,7.024,3.69,20.25
S419,122,109.166666666667,24.65,16,66.5,96.5413533834587,24.84,7.641,4.021,5.75
S420,124,132.6,22.57,7.3,65.5,95.1145038167939,25.88,7.927,3.481,27.5
S421,98,104.05,22.06,8.7,189.9,82.9910479199579,22.61,6.872,3.279,28.75
S422,126,105,29.1333333333333,11.6666666666667,61.6,96.4285714285714,30.68,8.507,3.431,2
S423,125,114.4,23.72,9.1,60.6,92.5742574257426,23.54,7.33,3.857,21
S424,116,,,,,,,,,
S425,126,112.6,23.8222222222222,8.8,84.1,96.4328180737218,23.14,7.144,3.476,30.5
S426,123,106,21.6222222222222,8.5,57.6,96.1805555555555,27.21,7.872,3.513,22.25
S427,124,115.2,24.25,12.3,108.9,92.4701561065197,25.79,7.422,3.462,15
S428,118,101.8,20.75,8.1,77.2,93.2642487046632,23.83,8.164,3.381,18
S429,103,100.85,18.17,9.5,181.3,90.1820187534473,19.8,6.881,2.946,23.75
S430,128,107.2,19.38,9.6,102.2,95.5968688845401,19.72,7.442,3.407,15.75
S431,129,106.6,19.85,8.3,113.7,97.7132805628848,18.21,7.39,3.385,17.5
S432,129,104.6,21.05,8.5,70.9,99.4358251057828,21.78,7.716,3.493,15.25
S433,125,113.7,22.18,9.2,75.6,95.1058201058201,23.44,7.848,3.421,20.5
S434,116,103.6,21.3,9.6,80.9,94.8084054388133,22.44,7.719,3.407,19.75
S435,125,112.1,22.45,9.6,102.9,97.0845481049563,21.61,7.486,3.374,22
S436,124,105,20.94,9,95.6,91.6317991631799,23.82,7.538,3.34,19.75
S437,125,112.5,21.73,9.2,101.6,94.5866141732283,22.66,7.715,3.335,22
S438,126,99.4,19.21,8.4,92.6,94.060475161987,18.66,7.297,3.271,18.25
S439,98,96,20.46,10.2,180.2,84.6836847946726,23.97,6.755,3.368,27.25
S440,128,,,,,,,,,
S441,125,108.3,20.95,9.6,81.6,92.6470588235294,22.91,7.724,3.39,19.5
S442,105,103.7,21.35,10,226.9,49.9338915821948,23.15,7.127,3.255,36.5
S443,106,104,17.53,11.4,188.2,47.5557917109458,23.46,7.79,3.144,31
S444,99,101.4,19.37,12.9,189.2,68.0761099365751,22,6.62,3.28,34
S445,104,107.2,21.74,7.8,219.3,57.8659370725034,23.43,6.892,3.45,33.25
S446,99,87.2,17.62,13.7,127.9,60.7505863956216,24.09,8.131,2.74,23.75
S447,107,108.5,21.39,11.5,180.2,65.8712541620422,21.27,6.829,3.334,29
S448,102,102.4,19.95,13.4,155,76.7096774193548,23.75,7.242,3.219,32.5
S449,102,100.6,18.02,14.3,153.6,69.4010416666667,21.89,6.724,3.272,30
S450,99,94.9,15.85,12.7,155.9,89.9935856318153,20.76,6.635,3.266,23.5
S451,100,103.9,20.5,11.3,189,79.7354497354497,21.39,6.458,3.304,29.5
S452,99,106.3,18.93,11.7,157.4,82.3379923761118,21.65,6.648,3.222,26.25
S453,102,113.4,20.48,11.6,153.1,85.4996734160679,24.54,6.863,3.33,28.25
S454,104,97,17.36,11.1,182.7,70.6075533661741,23.2,7.394,3.112,24.5
S455,121,86.2,16.83,13.8,109.1,89.2758936755271,23.64,7.246,3.094,13.25
S456,105,109.9,19.87,10.6,203.4,68.7807276302852,18.99,6.538,3.175,31
S457,104,106.3,19.17,14.9,140.3,83.2501781895937,23.62,7.297,3.191,28.75
S458,94,90.2,15.94,11.4,117.4,70.6132879045997,29.07,7.308,3.343,24
S459,103,107.9,20.27,11.7,179.9,78.7103946637021,23.97,7.155,3.354,28.5
S460,96,100.3,18.42,9.6,170.4,87.7934272300469,23.15,6.814,3.239,31.75
S461,127,96.2,23.37,7.5,107.9,93.0491195551437,23.8,8.44,2.685,6.5
S462,100,94.9,17.72,11.9,127.8,93.5837245696401,23.5,6.455,3.461,22
S463,117,98.2,23.83,,156.5,93.5463258785942,26.67,9.201,2.9,26.5
S464,123,98.1,23.15,,54.3,87.8453038674033,22.54,8.34,2.691,24
S465,104,108.1,20.34,10.4,150.8,86.8700265251989,22.59,6.663,3.265,20.75
S466,129,,,,,,,,,
S467,105,103.9,19.1,10.3,186.1,69.156367544331,20.55,6.762,3.244,26
S468,125,85.7,21.58,11.1,123.3,89.6999188969992,25.16,8.91,2.734,21.5
S469,105,98.9,17.93,9.4,152.5,85.1803278688525,21.37,6.363,3.391,23.5
S470,106,104.8,19.99,12.9,127.2,88.4433962264151,21.11,7.203,3.032,22.5
S471,102,100.5,18.02,12.7,134,96.9402985074627,23.68,6.575,3.408,23.75
S472,102,94.1,18.49,8.1,98,86.0204081632653,26.35,8.766,2.722,26.25
S473,99,78.3,18.12,9.2,84.1,86.9203329369798,29.85,9.306,2.939,24
S474,100,75.8,19.52,8.9,101.7,80.7276302851524,33.62,9.404,3.23,15
S475,104,106.6,18.2,11.4,158.9,89.8678414096916,21.97,6.61,3.301,24.75
S476,127,97.8,20.5,9,82.4,95.0242718446602,21.07,7.378,3.309,15.75
S477,123,88.6,20.06,9.1,139.6,83.3094555873926,26.78,7.219,3.474,23
S478,126,101.4,21.59,9.3,95.3,92.6547743966422,21.43,7.415,3.284,21.5
S479,126,103.1,21.85,8.5,85.5,91.4619883040936,22.57,7.327,3.328,20.75
S480,124,111.1,19.09,8.3,91.9,91.4036996735582,29.18,7.605,3.42,23.5
S481,105,101.8,18.41,11.7,149.7,89.7795591182365,22.13,6.524,3.389,21.25
S482,87,89.1,16.3,11.1,133.3,86.8717179294824,24.03,7.16,3.396,24
S483,126,116.6,20.5,10.3,168.8,93.7203791469194,28.66,7.439,3.594,21.25
S484,127,118.7,23.5,7.6,186.1,91.671144545943,31.34,8.556,3.264,17.75
S485,124,152.4,30.34,5.7,54.5,88.0733944954128,32.69,7.863,3.521,19.25
S486,120,128.3,23.19,8.4,150.9,92.909211398277,24.04,7.266,3.296,19.5
S487,123,115.3,21.4,9.4,158.1,93.6116382036686,28.36,7.188,3.54,20.5
S488,116,134.7,18.53,11.4,201,92.8855721393035,22.46,7.319,3.515,25.5
S489,121,111.9,20.31,9,125.4,88.3572567783094,24.86,7.342,3.529,22.25
S490,107,108.3,18.72,11.2,112.4,78.55871886,19.4,6.535,3.035,21.25
S491,120,111.7,22.23,8.9,125.3,92.8970470869912,19.6,7.669,3.403,24
S492,126,116,19.52,10.9,180.9,92.7584300718629,25.71,8.255,3.469,25
S493,128,113.9,22.3,9.2,154.3,92.7414128321452,17.7,7.319,3.244,19.25
S494,106,97.6,17.75,10.4,131.2,90.625,21.56,6.519,3.242,22.5
S495,123,119.2,18.98,10.2,117.4,88.5008517887564,26.65,7.064,3.579,25.25
S496,122,109.3,22.55,9.8,132.7,96.7596081386586,22.67,7.379,3.099,22.25
S497,127,118.1,19.43,9.4,151.2,94.1137566137566,20.58,7.648,3.369,21.75
S498,128,112.3,21.93,12.3,143.9,95.0660180681029,19.18,7.402,3.25,17
S499,125,114.1,22.02,9.8,102,76.8627450980392,21.08,7.343,3.235,21.5
S500,120,110.2,21.99,9.6,137.5,94.4,27.64,7.539,3.632,28.75
